{
 "KinectColor": {
  "matrix": [
   [
    1061.6129,
    0,
    960.0
   ],
   [
    0,
    1061.6129,
    540.0
   ],
   [
    0,
    0,
    1
   ]
  ],
  "distortion": [
   0.038,
   -0.0388,
   0.001,
   0.0004
  ],
  "translation": [
   0.05156535410363723,
   -0.000690797434823698,
   0.0016719174435246276
  ],
  "rotation": [
   0.004299889538107335,
   -0.006699827884957955,
   0.003699904951394723
  ]
 },
 "InfraredCamera": {
  "matrix": [
   [
    3793.8,
    0,
    656.5
   ],
   [
    0,
    3795.0,
    464.3
   ],
   [
    0,
    0,
    1.0
   ]
  ],
  "distortion": [
   -0.3508,
   0.5343,
   -0.0008929,
   -0.0004769
  ],
  "translation": [
   0.13918439482757644,
   -0.04449536245097598,
   -0.010472845988965541
  ],
  "rotation": [
   0.02315180035972803,
   -0.0012681064109415145,
   0.006027380141444341
  ]
 },
 "KinectInfrared": {
  "matrix": [
   [
    365.7,
    0,
    256
   ],
   [
    0,
    365.7,
    212
   ],
   [
    0,
    0,
    1
   ]
  ],
  "distortion": [
   -0.00651,
   0.001205,
   0.0001377,
   0.0001589
  ]
 },
 "WebCamera": {
  "matrix": [
   [
    1415.875,
    0,
    630.875
   ],
   [
    0,
    1417.9375,
    507.1875
   ],
   [
    0,
    0,
    1
   ]
  ],
  "distortion": [
   -0.0276,
   0.1141,
   8.71e-05,
   -0.0002941
  ],
  "translation": [
   0.8016242918893215,
   -0.6413701383097444,
   2.0744384246991365
  ],
  "rotation": [
   -0.0897135694709963,
   -2.756017686228933,
   -0.341272246268183
  ]
 }
}
