{
 "screen_dot_4": [
  287.50320340305893,
  593.0208919971976,
  -2008.1577908702614
 ],
 "screen_dot_1": [
  645.294254809823,
  -701.4136832192972,
  -2044.1507244199117
 ],
 "screen_dot_3": [
  650.5669240953832,
  589.9477105857789,
  -1990.423028449711
 ],
 "screen_dot_9": [
  -74.72351679115611,
  595.2481756230954,
  -2025.8863985989194
 ],
 "screen_dot_5": [
  284.86343603287935,
  -53.500534979432246,
  -2035.0566178240924
 ],
 "screen_dot_8": [
  -77.3632841613357,
  -51.27325135353442,
  -2052.7852255527505
 ],
 "screen_dot_2": [
  647.930589452603,
  -55.73298631675914,
  -2017.2868764348113
 ],
 "screen_dot_6": [
  282.2271013900992,
  -699.1812318819703,
  -2061.920465809193
 ],
 "screen_dot_7": [
  -79.99961880411583,
  -696.9539482560725,
  -2079.649073537851
 ]
}