{
 "screen_dot_9": [
  -714.3739090954754,
  -38.10809527534411,
  -2083.579771649203
 ],
 "screen_dot_7": [
  577.3719585112731,
  -46.05086774171298,
  -2020.3573352711346
 ],
 "screen_dot_6": [
  575.8924530021087,
  -408.40552967529885,
  -2035.433270794023
 ],
 "screen_dot_1": [
  574.4095147655448,
  -771.6009216829765,
  -2050.544185285642
 ],
 "screen_dot_3": [
  -716.495919615695,
  -763.6633169280366,
  -2113.725488003087
 ],
 "screen_dot_2": [
  -71.04320242507514,
  -767.6321193055065,
  -2082.1348366443644
 ],
 "screen_dot_8": [
  -68.08075867934694,
  -42.08206536424302,
  -2051.947986629857
 ],
 "screen_dot_5": [
  -69.56026418851131,
  -404.4367272978289,
  -2067.0239221527454
 ],
 "screen_dot_4": [
  -715.8534146046397,
  -400.46275720893,
  -2098.6557071720913
 ]
}