{
 "wall_0_dot_1": [
  1.2878455803398767,
  -1.4462872524020634,
  -2.0433796750522086
 ],
 "wall_0_dot_2": [
  0.3235454220662274,
  -1.4403578997805284,
  -2.0905758046738723
 ],
 "wall_0_dot_3": [
  -0.4954355512992749,
  -1.4353220953790173,
  -2.1306595191117434
 ],
 "wall_0_dot_4": [
  -1.5241555544291134,
  -1.4289966337527293,
  -2.1810085750519956
 ],
 "wall_0_dot_5": [
  1.2919249781934634,
  -0.4471771977434076,
  -2.0018112330072593
 ],
 "wall_0_dot_6": [
  0.32762481991981407,
  -0.44124784512187254,
  -2.0490073626289234
 ],
 "wall_0_dot_7": [
  -0.4913561534456882,
  -0.4362120407203617,
  -2.089091077066794
 ],
 "wall_0_dot_8": [
  -1.5200761565755267,
  -0.42988657909407363,
  -2.1394401330070463
 ],
 "wall_1_dot_1": [
  1.3915506849364734,
  -1.511473626812084,
  -0.48782433776460654
 ],
 "wall_1_dot_2": [
  1.4308132431971066,
  -1.478399586073173,
  -1.2861502593866472
 ],
 "wall_1_dot_3": [
  1.39563008279006,
  -0.5123635721534285,
  -0.44625589571965746
 ],
 "wall_1_dot_4": [
  1.4348926410506933,
  -0.4792895314145173,
  -1.2445818173416978
 ],
 "wall_2_dot_1": [
  -2.5003853078656615,
  -1.4377776634459256,
  -1.8736787227716738
 ],
 "wall_2_dot_2": [
  -2.496305910012075,
  -0.43866760878726974,
  -1.8321102807267249
 ],
 "wall_2_dot_3": [
  -2.5404762880552876,
  -0.47587590461854484,
  -0.9339936189019292
 ]
}
